bistro-de-la-mer-77684	Bistro de la Mer	restaurant	4.8982919	52.3641316	NL.IMBAG.Pand.0363100012177684
de-juwelier-77678	De Juwelier	restaurant	4.8982758	52.3642561	NL.IMBAG.Pand.0363100012177678
ron-gastrobar-32011	Ron Gastrobar	restaurant	4.8567933	52.3521264	NL.IMBAG.Pand.0363100012132011
sichuan-food-68478	Sichuan Food	restaurant	4.8905627	52.3665075	NL.IMBAG.Pand.0363100012168478
vinkeles-74123	Vinkeles	restaurant	4.8834577	52.3692629	NL.IMBAG.Pand.0363100012174123
yamazato-77533	Yamazato	restaurant	4.8939215	52.3486474	w753577533
bougainville-65129	Bougainville	restaurant	4.8932522	52.3725106	NL.IMBAG.Pand.0363100012165129
bridges-50983	Bridges	restaurant	4.895255	52.3709275	NL.IMBAG.Pand.0363100012250983
flore-68170	Flore	restaurant	4.8943025	52.3674539	NL.IMBAG.Pand.0363100012168170
restaurant-212-71575	Restaurant 212	restaurant	4.9002601	52.3658779	NL.IMBAG.Pand.0363100012171575
restaurant-lastage-82260	Restaurant Lastage	restaurant	4.9024018	52.3754586	NL.IMBAG.Pand.0363100012182260
sinne-35937	Sinne	restaurant	4.8940625	52.3529993	NL.IMBAG.Pand.0363100012235937
spectrum-78774	Spectrum	restaurant	4.896983	52.3646319	NL.IMBAG.Pand.0363100012178774
vermeer-82718	Vermeer	restaurant	4.9004724	52.3764859	NL.IMBAG.Pand.0363100012182718
moshik-06274	&moshik	restaurant	4.9060727	52.376322	w1487606274
brouwerij-t-ij-69757	Brouwerij 't IJ	pub	4.9263471	52.3666977	NL.IMBAG.Pand.0363100012169757
brouwerij-troost-26831	Brouwerij Troost	pub	4.8910543	52.3505334	NL.IMBAG.Pand.0363100012126831
rijnbar-80338	Rijnbar	pub	4.9045505	52.3488042	NL.IMBAG.Pand.0363100012080338
schiller-78854	Schiller	pub	4.896587	52.365674	NL.IMBAG.Pand.0363100012178854
reijnders-68746	Reijnders	pub	4.8829038	52.3646163	NL.IMBAG.Pand.0363100012168746
scheltema-67522	Scheltema	pub	4.8903683	52.3720832	NL.IMBAG.Pand.0363100012167522
t-vliegertje-36397	't Vliegertje	restaurant	4.8911265	52.3453554	NL.IMBAG.Pand.0363100012136397
my-surinaamse-broodjes-36700	@my Surinaamse broodjes	restaurant	4.8632982	52.3635301	NL.IMBAG.Pand.0363100012236700
a-sentimento-pizza-33537	A sentimento Pizza	restaurant	4.8783263	52.3825392	NL.IMBAG.Pand.0363100012233537
a-tavola-81149	A Tavola	restaurant	4.9122719	52.3702271	NL.IMBAG.Pand.0363100012181149
a-volo-72841	a Volo!	restaurant	4.8845468	52.3842507	NL.IMBAG.Pand.0363100012172841
a-fushion-42477	A-Fushion	restaurant	4.8773263	52.3948216	NL.IMBAG.Pand.0363100012242477
aaltje-54926	Aaltje	restaurant	5.0385134	52.3088348	NL.IMBAG.Pand.0457100000054926
abyssinia-49625	Abyssinia	restaurant	4.8652881	52.3604337	NL.IMBAG.Pand.0363100012149625
afhaalcentrum-terang-boelan-65034	Afhaalcentrum Terang Boelan	restaurant	4.8827411	52.379673	NL.IMBAG.Pand.0363100012165034
akitsu-69827	Akitsu	restaurant	4.8752152	52.3722193	NL.IMBAG.Pand.0363100012169827
al-argentino-65689	Al Argentino	restaurant	4.9009356	52.3756793	NL.IMBAG.Pand.0363100012165689
al-basha-47236	Al Basha	restaurant	4.8196528	52.3780823	NL.IMBAG.Pand.0363100012147236
alberto-pozzetto-private-dining-56811	Alberto Pozzetto Private Dining	restaurant	4.8927463	52.3555404	NL.IMBAG.Pand.0363100012156811
albina-10961	Albina	restaurant	4.8896461	52.3549601	NL.IMBAG.Pand.0363100012110961
ali-ocakbas-78972	Ali Ocakbaşı	restaurant	4.8977605	52.3648789	NL.IMBAG.Pand.0363100012178972
ama-sushi-ramen-35932	Ama Sushi & Ramen	restaurant	4.9015808	52.3551083	NL.IMBAG.Pand.0363100012235932
amra-74506	Amra	restaurant	4.8833656	52.3781002	NL.IMBAG.Pand.0363100012174506
aneka-rasa-71504	Aneka Rasa	restaurant	4.8988791	52.3757216	NL.IMBAG.Pand.0363100012171504
anjappar-65520	Anjappar	restaurant	4.8806241	52.3548123	NL.IMBAG.Pand.0363100012165520
any-thaim-delivery-23690	Any Thaim Delivery	restaurant	4.9127267	52.3835891	NL.IMBAG.Pand.0363100012123690
arepa-shop-amsterdam-36819	Arepa Shop Amsterdam	restaurant	4.8429741	52.3406765	NL.IMBAG.Pand.0363100012136819
argentalia-78811	Argentalia	restaurant	4.8986252	52.3755824	NL.IMBAG.Pand.0363100012178811
aries-noodles-74933	Aries Noodles	restaurant	4.8401983	52.3535631	NL.IMBAG.Pand.0363100012074933
arles-60398	Arles	restaurant	4.8981031	52.3563	NL.IMBAG.Pand.0363100012160398
attila-turkish-food-78174	Attila Turkish Food	restaurant	4.8407057	52.3781802	NL.IMBAG.Pand.0363100012078174
auberge-36577	Auberge	restaurant	4.8892642	52.3546441	NL.IMBAG.Pand.0363100012236577
baibua-75627	Baibua	restaurant	4.8915025	52.3665156	NL.IMBAG.Pand.0363100012175627
baires-40662	Baires	restaurant	4.869803	52.3689303	NL.IMBAG.Pand.0363100012140662
baires-60490	Baires	restaurant	4.9252245	52.3597336	NL.IMBAG.Pand.0363100012160490
baked-59205	Baked	restaurant	4.8724191	52.3749811	NL.IMBAG.Pand.0363100012159205
bakers-roasters-33622	Bakers & Roasters	restaurant	4.8898583	52.3573232	NL.IMBAG.Pand.0363100012233622
balraj-67821	Balraj	restaurant	4.8885301	52.3820036	NL.IMBAG.Pand.0363100012167821
banh-mi-ba-my-68914	Bánh Mì Bà Mỹ	restaurant	4.8754645	52.3719454	NL.IMBAG.Pand.0363100012168914
bar-bistro-river-68038	Bar & Bistro River	restaurant	4.902249	52.3427302	NL.IMBAG.Pand.0363100012068038
bar-dancing-multipla-74176	Bar Dancing Multipla	restaurant	4.8437232	52.3420386	NL.IMBAG.Pand.0363100012074176
bar-karma-78156	Bar Karma	restaurant	4.8916546	52.4015677	w717278156
bar-pepe-23741	Bar Pepe	restaurant	4.8533006	52.3855444	w1529423741
bar-ristorante-gallizia-64155	Bar Ristorante Gallizia	restaurant	4.9342332	52.3638576	NL.IMBAG.Pand.0363100012164155
barada-54271	Barada	restaurant	5.0431507	52.3080454	NL.IMBAG.Pand.0457100000054271
bella-storia-trattoria-italiana-64646	Bella Storia Trattoria Italiana	restaurant	4.8741388	52.3837969	NL.IMBAG.Pand.0363100012164646
beyoglu-26283	Beyoğlu	restaurant	4.913725	52.3572653	NL.IMBAG.Pand.0363100012126283
beyrouth-36814	Beyrouth	restaurant	4.8752736	52.368212	NL.IMBAG.Pand.0363100012236814
billy-s-thai-restaurant-73820	Billy's Thai Restaurant	restaurant	4.8821546	52.3678876	NL.IMBAG.Pand.0363100012173820
bir-tat-37903	Bir Tat	restaurant	4.8483065	52.3786221	NL.IMBAG.Pand.0363100012137903
bisous-52622	Bisous	restaurant	4.8878177	52.3547197	NL.IMBAG.Pand.0363100012152622
bistro-amsterdam-74130	Bistro Amsterdam	restaurant	4.8833984	52.3737969	NL.IMBAG.Pand.0363100012174130
bistrot-des-alpes-82275	Bistrot des Alpes	restaurant	4.901404	52.3619819	NL.IMBAG.Pand.0363100012182275
bistrot-neuf-71114	Bistrot Neuf	restaurant	4.8937715	52.3793782	NL.IMBAG.Pand.0363100012171114
blauw-56113	Blauw	restaurant	4.8556982	52.3534506	NL.IMBAG.Pand.0363100012156113
blin-queen-78949	Blin Queen	restaurant	4.8968557	52.366956	NL.IMBAG.Pand.0363100012178949
bloem-op-ijburg-06701	Bloem op IJburg	restaurant	4.997163	52.3545297	NL.IMBAG.Pand.0363100012106701
blue-dragon-82246	Blue Dragon	restaurant	4.8911488	52.357404	NL.IMBAG.Pand.0363100012082246
blue-pepper-56684	Blue Pepper	restaurant	4.8780494	52.3657926	NL.IMBAG.Pand.0363100012156684
boeuf-53646	Boeuf	restaurant	4.8885146	52.3561961	NL.IMBAG.Pand.0363100012153646
bojo-68561	Bojo	restaurant	4.8847921	52.3639322	NL.IMBAG.Pand.0363100012168561
boothuis-nieuw-west-50554	Boothuis Nieuw-West	restaurant	4.8158962	52.360322	NL.IMBAG.Pand.0363100012150554
bouillon-d-amsterdam-75580	Bouillon d’Amsterdam	restaurant	4.8907098	52.3740513	NL.IMBAG.Pand.0363100012175580
brandon-76429	Brandon	pub	4.8864147	52.3754007	NL.IMBAG.Pand.0363100012176429
brasserie-nenette-86764	Brasserie Nenette	restaurant	4.8927988	52.3424069	NL.IMBAG.Pand.0363100012086764
bret-43513	Bret	restaurant	4.836764	52.3898525	NL.IMBAG.Pand.0363100012243513
bromo-indah-70189	Bromo Indah	restaurant	4.8803566	52.3696718	NL.IMBAG.Pand.0363100012170189
brunchdale-51598	Brunchdale	restaurant	4.9042534	52.3963819	NL.IMBAG.Pand.0363100012251598
brunchie-71533	Brunchie	restaurant	4.88551	52.36527	NL.IMBAG.Pand.0363100012571533
brut-de-mer-57580	Brut de Mer	restaurant	4.8925499	52.3557827	NL.IMBAG.Pand.0363100012157580
buffet-van-odette-76062	Buffet van Odette	restaurant	4.8889892	52.3622855	NL.IMBAG.Pand.0363100012176062
buiten-amsterdam-48608	Buiten Amsterdam	restaurant	4.8212599	52.3714116	NL.IMBAG.Pand.0363100012248608
bullewijck-par-hasard-01986	Bullewijck par Hasard	restaurant	4.9483416	52.3068814	NL.IMBAG.Pand.0363100012101986
bulls-and-dogs-36693	Bulls and Dogs	restaurant	4.8683977	52.3668262	NL.IMBAG.Pand.0363100012236693
buurman-buurman-eetwinkel-de-with-02216	Buurman & Buurman Eetwinkel De With	restaurant	4.8593	52.3687859	NL.IMBAG.Pand.0363100012102216
cabron-59249	Cabrón	restaurant	4.8948789	52.3557323	NL.IMBAG.Pand.0363100012159249
cafe-brasserie-helden-48810	Cafe Brasserie Helden	restaurant	4.8399121	52.3906691	NL.IMBAG.Pand.0363100012248810
cafe-carbon-72095	Café Carbòn	restaurant	4.8572197	52.346165	NL.IMBAG.Pand.0363100012072095
cafe-caron-05340	Café Caron	restaurant	4.8887752	52.3573801	NL.IMBAG.Pand.0363100012105340
cafe-de-klos-72453	Café De Klos	restaurant	4.8856662	52.3653542	NL.IMBAG.Pand.0363100012172453
cafe-kadijk-70737	Cafe Kadijk	restaurant	4.9121073	52.3701143	NL.IMBAG.Pand.0363100012170737
cafe-luxembourg-71813	Café Luxembourg	restaurant	4.8887034	52.3686609	NL.IMBAG.Pand.0363100012171813
cafe-maurits-18332	Cafe Maurits	restaurant	4.850327	52.3508915	NL.IMBAG.Pand.0363100012118332
cafe-maxwell-21409	Café Maxwell	restaurant	4.9186525	52.3568021	NL.IMBAG.Pand.0363100012121409
cafe-modern-00305	Café Modern	restaurant	4.9090476	52.3864765	NL.IMBAG.Pand.0363100012100305
cafe-parlotte-69678	Café Parlotte	restaurant	4.8817584	52.3782562	NL.IMBAG.Pand.0363100012169678
cafe-piazza-82586	Cafe Piazza	restaurant	4.9000321	52.3719346	NL.IMBAG.Pand.0363100012182586
cafe-warung-pas-22965	Café Warung Pas	restaurant	4.9128268	52.3811001	NL.IMBAG.Pand.0363100012122965
cafe-diner-t-weesperplein-54930	Café-Diner 't Weesperplein	restaurant	5.0408807	52.3082511	NL.IMBAG.Pand.0457100000054930
caffe-italia-77743	Caffe Italia	restaurant	4.8971138	52.374565	NL.IMBAG.Pand.0363100012177743
cai-cai-15768	Cai & Cai	restaurant	4.9401995	52.3713201	NL.IMBAG.Pand.0363100012115768
calisto-76282	Calisto	restaurant	4.8875063	52.3823801	NL.IMBAG.Pand.0363100012176282
calle-ocho-59713	Calle Ocho	restaurant	4.8969974	52.3562874	NL.IMBAG.Pand.0363100012159713
camino-taqueria-36027	Camino Taqueria	restaurant	4.8712629	52.3670935	NL.IMBAG.Pand.0363100012236027
cannibale-royale-52862	Cannibale Royale	restaurant	4.8872133	52.3536186	NL.IMBAG.Pand.0363100012152862
cannibale-royale-handboogstraat-75878	Cannibale Royale Handboogstraat	restaurant	4.890326	52.3679936	NL.IMBAG.Pand.0363100012175878
cantina-caliente-70417	Cantina Caliente	restaurant	4.9108398	52.3623528	NL.IMBAG.Pand.0363100012170417
cantine-de-caron-52471	Cantine de Caron	restaurant	4.8728174	52.3862897	NL.IMBAG.Pand.0363100012152471
carletto-67455	Carletto	restaurant	4.8917629	52.3556262	NL.IMBAG.Pand.0363100012167455
cartagena-62560	Cartagena	restaurant	4.8659376	52.3657013	NL.IMBAG.Pand.0363100012162560
casa-nostra-52357	Casa Nostra	restaurant	4.9030373	52.3555664	NL.IMBAG.Pand.0363100012152357
casa-peru-68820	Casa Peru	restaurant	4.8829961	52.3664389	NL.IMBAG.Pand.0363100012168820
cascada-40347	Cascada	restaurant	4.9485096	52.3113689	NL.IMBAG.Pand.0363100012240347
castillo-79394	Castillo	restaurant	4.8936364	52.3660845	NL.IMBAG.Pand.0363100012179394
cavataria-14248	Cavataria	restaurant	4.8632294	52.3511506	NL.IMBAG.Pand.0363100012114248
cedars-05128	Cedars	restaurant	4.8444223	52.3519506	NL.IMBAG.Pand.0363100012105128
chadni-chowk-17679	Chadni Chowk	restaurant	4.8479101	52.3843705	NL.IMBAG.Pand.0363100012117679
cham-so-good-58473	Cham So Good	restaurant	4.8614149	52.3595183	NL.IMBAG.Pand.0363100012158473
chateau-amsterdam-13565	Chateau Amsterdam	restaurant	4.9265497	52.3862683	NL.IMBAG.Pand.0363100012113565
chhiwat-bladi-lunch-grill-62478	Chhiwat Bladi Lunch & Grill	restaurant	4.7999311	52.3517967	NL.IMBAG.Pand.0363100012062478
china-supreme-99001	China Supreme	restaurant	4.8683904	52.326394	NL.IMBAG.Pand.0363100012099001
chuzo-king-77947	Chuzo King	restaurant	4.9105623	52.3991113	NL.IMBAG.Pand.0363100012077947
cinq-oriental-bistro-47188	CINQ Oriental Bistro	restaurant	4.8532672	52.3413856	NL.IMBAG.Pand.0363100012247188
city-noord-eethuis-84998	City Noord Eethuis	restaurant	4.9057522	52.4171929	NL.IMBAG.Pand.0363100012084998
classico-37221	Classico	restaurant	4.8743211	52.3568782	NL.IMBAG.Pand.0363100012237221
colima-71772	Colima	restaurant	4.8991594	52.3613241	NL.IMBAG.Pand.0363100012171772
couscous-bar-61747	Couscous Bar	restaurant	4.8713221	52.3668736	NL.IMBAG.Pand.0363100012161747
couscous-club-53618	CousCous Club	restaurant	4.8942041	52.3530499	NL.IMBAG.Pand.0363100012153618
ctaste-77277	ctaste	restaurant	4.9062854	52.3541976	NL.IMBAG.Pand.0363100012077277
cucina-casalinga-34703	Cucina Casalinga	restaurant	4.8590476	52.3448849	NL.IMBAG.Pand.0363100012134703
cuddle-pub-79234	Cuddle Pub	restaurant	4.893945	52.3753635	NL.IMBAG.Pand.0363100012179234
de-aardige-pers-58278	De Aardige Pers	restaurant	4.8742942	52.3741803	NL.IMBAG.Pand.0363100012158278
de-italiaan-66559	De Italiaan	restaurant	4.8763748	52.3654913	NL.IMBAG.Pand.0363100012166559
de-nieuwe-khl-80851	De Nieuwe KHL	restaurant	4.9363092	52.3740065	NL.IMBAG.Pand.0363100012080851
de-nieuwe-rai-93538	De Nieuwe Rai	restaurant	4.8913423	52.3439053	NL.IMBAG.Pand.0363100012093538
de-palmboom-71180	De Palmboom	restaurant	4.8967247	52.3701445	NL.IMBAG.Pand.0363100012171180
de-patchka-56486	De Patchka	restaurant	4.8911077	52.3552405	NL.IMBAG.Pand.0363100012156486
de-pizzakamer-30670	De Pizzakamer	restaurant	4.8946407	52.3524483	NL.IMBAG.Pand.0363100012130670
de-plantage-70549	de Plantage	restaurant	4.912559	52.3665845	NL.IMBAG.Pand.0363100012170549
desa-61346	Dèsa	restaurant	4.8918401	52.3530513	NL.IMBAG.Pand.0363100012161346
di-luca-43829	Di Luca	restaurant	4.9214887	52.3846608	NL.IMBAG.Pand.0363100012243829
dignita-93370	Dignita	restaurant	4.8572641	52.3518479	NL.IMBAG.Pand.0363100012093370
dionysos-taverna-36240	Dionysos Taverna	restaurant	4.872408	52.3622131	NL.IMBAG.Pand.0363100012136240
domenica-67762	Domenica	restaurant	4.8874348	52.380132	NL.IMBAG.Pand.0363100012167762
doner-baba-79578	Döner Baba	restaurant	4.9789369	52.3164311	w46879578
dong-son-takeaway-restaurant-72773	Dong Son Takeaway Restaurant	restaurant	4.8819925	52.3738723	NL.IMBAG.Pand.0363100012172773
dos-73278	DOS	restaurant	4.880901	52.3808003	NL.IMBAG.Pand.0363100012173278
east57-66850	East57	restaurant	4.9183799	52.350072	NL.IMBAG.Pand.0363100012066850
eatmosfera-82121	Eatmosfera	restaurant	4.9359311	52.3632541	NL.IMBAG.Pand.0363100012082121
eetcafe-t-pakhuis-75883	Eetcafé 't Pakhuis	restaurant	4.8906317	52.3682105	NL.IMBAG.Pand.0363100012175883
eetcafe-koevoet-72933	Eetcafe Koevoet	restaurant	4.8853084	52.3796209	NL.IMBAG.Pand.0363100012172933
eetcafe-van-beeren-82699	Eetcafe van Beeren	restaurant	4.902218	52.3720695	NL.IMBAG.Pand.0363100012182699
eggs-benaddicted-72390	Eggs Benaddicted	restaurant	4.8849504	52.364384	NL.IMBAG.Pand.0363100012172390
el-torado-grill-68110	El Torado Grill	restaurant	4.8947159	52.3666908	NL.IMBAG.Pand.0363100012168110
ethiopisch-restaurant-addis-ababa-66610	Ethiopisch restaurant Addis Ababa	restaurant	4.8642077	52.359826	NL.IMBAG.Pand.0363100012166610
fabian-78620	Fabian	restaurant	4.8987428	52.3750087	NL.IMBAG.Pand.0363100012178620
feduzzi-85026	Feduzzi	restaurant	4.891221	52.345707	NL.IMBAG.Pand.0363100012085026
fiaschetteria-pistoia-73112	Fiaschetteria "Pistoia"	restaurant	4.8845848	52.3800627	NL.IMBAG.Pand.0363100012173112
fiaschetteria-pistoia-59698	Fiaschetteria Pistoia	restaurant	4.8937038	52.3557149	NL.IMBAG.Pand.0363100012159698
fiko-80855	Fiko	restaurant	4.8741057	52.3640237	NL.IMBAG.Pand.0363100012080855
five-bells-65747	Five Bells	restaurant	4.8945522	52.3761452	NL.IMBAG.Pand.0363100012165747
florentin-st-81813	Florentin St.	restaurant	4.8974868	52.3561344	NL.IMBAG.Pand.0363100012081813
flow-62418	Flow	restaurant	4.8898708	52.3575216	NL.IMBAG.Pand.0363100012162418
fondue-fondue-53352	Fondue & Fondue	restaurant	4.8612419	52.359087	NL.IMBAG.Pand.0363100012153352
food-brothers-83027	Food Brothers	restaurant	4.912677	52.350094	NL.IMBAG.Pand.0363100012083027
fou-fow-ramen-73890	Fou Fow Ramen	restaurant	4.8822664	52.3703042	NL.IMBAG.Pand.0363100012173890
franggo-63278	Franggo	restaurant	4.8977325	52.3562579	NL.IMBAG.Pand.0363100012163278
fruittuin-van-west-44379	Fruittuin van West	restaurant	4.7746888	52.3817489	NL.IMBAG.Pand.0363100012244379
fujitora-61426	Fujitora	restaurant	4.896243	52.3560662	NL.IMBAG.Pand.0363100012161426
fuku-ramen-63449	Fuku Ramen	restaurant	4.9257723	52.3552228	NL.IMBAG.Pand.0363100012063449
full-moon-garden-74474	Full Moon Garden	restaurant	4.883854	52.3646327	NL.IMBAG.Pand.0363100012174474
gaja-korean-bbq-bar-67636	Gaja Korean BBQ & Bar	restaurant	4.9085513	52.3757981	w240467636
gartine-75728	Gartine	restaurant	4.8915165	52.369203	NL.IMBAG.Pand.0363100012175728
gebr-hartering-82661	Gebr. Hartering	restaurant	4.9074757	52.3716443	NL.IMBAG.Pand.0363100012182661
golden-thali-50442	Golden Thali	restaurant	4.8656872	52.3468294	NL.IMBAG.Pand.0363100012150442
grieks-restaurant-plato-38635	Grieks restaurant Plato	restaurant	4.8130357	52.3744775	NL.IMBAG.Pand.0363100012138635
hakata-senpachi-00201	Hakata Senpachi	restaurant	4.8893218	52.3444664	NL.IMBAG.Pand.0363100012100201
hannekes-boom-38899	Hannekes Boom	restaurant	4.9116163	52.3762934	NL.IMBAG.Pand.0363100012238899
hanoi-old-quarter-restaurant-65114	Hanoi Old Quarter Restaurant	restaurant	4.8896426	52.3703139	NL.IMBAG.Pand.0363100012165114
hans-im-gluck-51814	Hans im Glück	restaurant	4.8974702	52.3664086	NL.IMBAG.Pand.0363100012251814
hap-hmm-63575	Hap Hmm	restaurant	4.8762231	52.3636692	NL.IMBAG.Pand.0363100012163575
hap-li-90676	Hap Li	restaurant	4.8482999	52.3840419	NL.IMBAG.Pand.0363100012090676
harmani-63659	Harmani	restaurant	4.8885998	52.3549047	NL.IMBAG.Pand.0363100012163659
havzan-37053	Havzan	restaurant	4.8297709	52.3798934	NL.IMBAG.Pand.0363100012137053
hawaiian-poke-bowl-37272	Hawaiian Poké Bowl	restaurant	4.8905438	52.3551332	NL.IMBAG.Pand.0363100012237272
hayran-61341	Hayran	restaurant	4.8946928	52.3526912	NL.IMBAG.Pand.0363100012161341
hinata-72121	Hinata	restaurant	4.8850906	52.3788579	NL.IMBAG.Pand.0363100012172121
hoi-tin-77906	Hoi Tin	restaurant	4.9001332	52.373427	NL.IMBAG.Pand.0363100012177906
hoogendam-84746	Hoogendam	restaurant	4.8915498	52.3833961	NL.IMBAG.Pand.0363100012184746
hummus-bistro-d-a-73434	Hummus Bistro D&A	restaurant	4.8826599	52.3784324	NL.IMBAG.Pand.0363100012173434
hunkar-restaurant-16023	Hunkar Restaurant	restaurant	4.8009831	52.3784195	NL.IMBAG.Pand.0363100012116023
ibericus-amsterdam-79660	Ibericus Amsterdam	restaurant	4.8908642	52.3805158	NL.IMBAG.Pand.0363100012179660
il-delfino-blu-36816	Il Delfino Blu	restaurant	4.7972765	52.3517069	NL.IMBAG.Pand.0363100012136816
il-primo-68332	Il Primo	restaurant	4.889753	52.366715	NL.IMBAG.Pand.0363100012168332
il-sogno-08857	Il Sogno	restaurant	4.9939576	52.3562017	NL.IMBAG.Pand.0363100012108857
il-tramezzino-68426	Il Tramezzino	restaurant	4.8914837	52.3803114	NL.IMBAG.Pand.0363100012168426
impero-romano-52924	Impero Romano	restaurant	4.904448	52.3567942	NL.IMBAG.Pand.0363100012152924
incanto-79461	Incanto	restaurant	4.8938599	52.3670166	NL.IMBAG.Pand.0363100012179461
indrapura-78846	Indrapura	restaurant	4.8970609	52.3657478	NL.IMBAG.Pand.0363100012178846
insieme-71619	Insieme	restaurant	4.8913909	52.3468146	NL.IMBAG.Pand.0363100012071619
instock-amsterdam-69762	Instock Amsterdam	restaurant	4.9265127	52.3686253	NL.IMBAG.Pand.0363100012169762
isshin-59354	ISSHIN	restaurant	4.8886424	52.3570484	NL.IMBAG.Pand.0363100012159354
italia-oggi-71755	Italia Oggi	restaurant	4.9022578	52.3738399	NL.IMBAG.Pand.0363100012171755
jen-s-bing-81194	Jen's Bing	restaurant	4.9106394	52.3639011	NL.IMBAG.Pand.0363100012181194
jinso-07340	Jinso	restaurant	4.944758	52.3127382	NL.IMBAG.Pand.0363100012107340
john-dory-68453	John Dory	restaurant	4.8938737	52.362155	NL.IMBAG.Pand.0363100012168453
joselito-tapas-79619	Joselito Tapas	restaurant	4.8946403	52.3787879	NL.IMBAG.Pand.0363100012179619
jun-93249	Jun	restaurant	4.8732485	52.375862	NL.IMBAG.Pand.0363100012093249
kaagman-kortekaas-69080	Kaagman & Kortekaas	restaurant	4.8924356	52.3748089	NL.IMBAG.Pand.0363100012169080
kafe-kontrast-36508	Kafé Kontrast	restaurant	4.8899113	52.3527943	NL.IMBAG.Pand.0363100012236508
kamasutra-78550	Kamasutra	restaurant	4.898485	52.3751045	NL.IMBAG.Pand.0363100012178550
kathmandu-kitchen-15728	Kathmandu Kitchen	restaurant	4.854705	52.3692319	NL.IMBAG.Pand.0363100012115728
kebaphan-69641	Kebaphan	restaurant	4.8015803	52.3625817	NL.IMBAG.Pand.0363100012069641
kebec-corner-13694	Kebec Corner	restaurant	4.8919788	52.4035919	NL.IMBAG.Pand.0363100012113694
kerkzicht-29775	Kerkzicht	restaurant	4.7996803	52.3413829	NL.IMBAG.Pand.0363100012129775
kilimanjaro-37317	Kilimanjaro	restaurant	4.91832	52.3565171	NL.IMBAG.Pand.0363100012237317
kim-s-so-18480	Kim's So	restaurant	4.9246199	52.3618717	NL.IMBAG.Pand.0363100012118480
klein-breda-78942	Klein Breda	restaurant	4.8974539	52.3656457	NL.IMBAG.Pand.0363100012178942
koeah-75819	Koeah	restaurant	4.8907497	52.3750021	NL.IMBAG.Pand.0363100012175819
kokohili-01213	Kokohili	restaurant	4.8846736	52.3245345	NL.IMBAG.Pand.0363100012101213
kreeftenbar-12628	Kreeftenbar	restaurant	4.8928516	52.3398193	w460712628
kruabuppha-87294	Kruabuppha	restaurant	4.904308	52.3495403	NL.IMBAG.Pand.0363100012087294
kyo-82963	Kyo	restaurant	4.9020474	52.3723595	NL.IMBAG.Pand.0363100012182963
la-brasa-67816	La Brasa	restaurant	4.8887657	52.3818704	NL.IMBAG.Pand.0363100012167816
la-bruschetta-87323	La Bruschetta	restaurant	4.9949425	52.3593615	NL.IMBAG.Pand.0363100012087323
la-cacerola-71888	La Cacerola	restaurant	4.8887415	52.3610493	NL.IMBAG.Pand.0363100012171888
la-cantina-79571	La Cantina	restaurant	4.8040345	52.4003694	NL.IMBAG.Pand.0363100012079571
la-fucina-81789	La Fucina	restaurant	4.9360762	52.3638845	w278381789
la-maschera-68857	La Maschera	restaurant	4.881397	52.3778106	NL.IMBAG.Pand.0363100012168857
la-nostra-gigi-68187	La Nostra Gigi	restaurant	4.8914966	52.3573379	NL.IMBAG.Pand.0363100012068187
la-oliva-pintxos-y-vinos-72953	La Oliva Pintxos y Vinos	restaurant	4.8822395	52.3766957	NL.IMBAG.Pand.0363100012172953
la-paella-78816	La Paella	restaurant	4.8984804	52.3754964	NL.IMBAG.Pand.0363100012178816
la-perla-72878	La Perla	restaurant	4.881768	52.3770366	NL.IMBAG.Pand.0363100012172878
la-piazza-65128	La Piazza	restaurant	4.8915763	52.3725959	NL.IMBAG.Pand.0363100012165128
la-polpetta-31526	La Polpetta	restaurant	4.854013	52.3583056	NL.IMBAG.Pand.0363100012131526
la-reinita-empanadas-73572	La Reinita Empanadas	restaurant	4.883364	52.3785494	NL.IMBAG.Pand.0363100012173572
la-roma-81243	La Roma	restaurant	4.9117009	52.3660967	NL.IMBAG.Pand.0363100012181243
la-ruelle-54949	La Ruelle	restaurant	5.0404012	52.3082626	NL.IMBAG.Pand.0457100000054949
ladybird-fried-chicken-54143	Ladybird Fried Chicken	restaurant	4.8936155	52.3543495	NL.IMBAG.Pand.0363100012154143
le-4-stagioni-57247	Le 4 Stagioni	restaurant	4.8754197	52.3555256	NL.IMBAG.Pand.0363100012157247
le-sud-76570	Le Sud	restaurant	4.8862642	52.3832875	NL.IMBAG.Pand.0363100012176570
lemoene-33308	Lemoene	restaurant	4.8409343	52.359686	NL.IMBAG.Pand.0363100012133308
leonardo-s-ravioli-bar-59331	Leonardo's Ravioli Bar	restaurant	4.8934162	52.3546337	NL.IMBAG.Pand.0363100012159331
lepita-99648	lePita	restaurant	4.8710603	52.3257181	NL.IMBAG.Pand.0363100012099648
les-zazous-79884	Les Zazous	restaurant	4.9415271	52.3765161	r3679884
leziz-71219	Leziz	restaurant	4.7983306	52.3515004	NL.IMBAG.Pand.0363100012071219
little-chinatown-asian-cuisine-19312	Little Chinatown Asian Cuisine	restaurant	4.9510749	52.3134649	w1488019312
little-saigon-68107	Little Saigon	restaurant	4.9254829	52.3871539	NL.IMBAG.Pand.0363100012068107
lloyd-hotel-18149	Lloyd Hotel	restaurant	4.9347391	52.3741514	NL.IMBAG.Pand.0363100012118149
lokaal-van-de-stad-40908	Lokaal van de Stad	restaurant	4.8461606	52.3517075	NL.IMBAG.Pand.0363100012140908
lombardo-s-77099	Lombardo's	restaurant	4.8887021	52.3635469	NL.IMBAG.Pand.0363100012177099
long-pura-70087	Long Pura	restaurant	4.8811186	52.3736527	NL.IMBAG.Pand.0363100012170087
loulou-pizzabar-57281	Loulou Pizzabar	restaurant	4.9074831	52.3557985	NL.IMBAG.Pand.0363100012157281
lucca-due-80345	Lucca Due	restaurant	4.8901177	52.3811468	NL.IMBAG.Pand.0363100012180345
lucius-75671	Lucius	restaurant	4.8893827	52.3707574	NL.IMBAG.Pand.0363100012175671
lucky-house-73005	Lucky House	restaurant	4.8852774	52.3814204	NL.IMBAG.Pand.0363100012173005
luna-73311	Luna	restaurant	4.8844841	52.3803328	NL.IMBAG.Pand.0363100012173311
lupe-72083	Lupe	restaurant	4.85771	52.381963	NL.IMBAG.Pand.0363100012072083
made-s-warung-26789	Made's Warung	restaurant	4.8637146	52.351351	NL.IMBAG.Pand.0363100012126789
maenaam-thai-75826	Maenaam Thai	restaurant	4.8910963	52.3752589	NL.IMBAG.Pand.0363100012175826
makachi-64043	Makachi	restaurant	4.8903522	52.3557886	NL.IMBAG.Pand.0363100012164043
mama-makan-43487	Mama Makan	restaurant	4.9121938	52.3617958	NL.IMBAG.Pand.0363100012243487
mamas-tapas-63129	Mamas & Tapas	restaurant	4.8733175	52.3747638	NL.IMBAG.Pand.0363100012163129
mangia-pizza-centrum-75482	Mangia Pizza Centrum	restaurant	4.8915579	52.3610007	NL.IMBAG.Pand.0363100012175482
mangiancora-65866	Mangiancora	restaurant	4.8912043	52.3517157	NL.IMBAG.Pand.0363100012165866
maris-piper-brasserie-36608	Maris Piper Brasserie	restaurant	4.8884238	52.3556545	NL.IMBAG.Pand.0363100012236608
marmaris-grill-pizza-73393	Marmaris grill & pizza	restaurant	4.9489493	52.3130392	NL.IMBAG.Pand.0363100012073393
maydanoz-56807	Maydanoz	restaurant	4.8873168	52.3524472	NL.IMBAG.Pand.0363100012156807
mchi-42337	Mchi	restaurant	4.9979505	52.3541234	NL.IMBAG.Pand.0363100012142337
meghna-78969	Meghna	restaurant	4.8978962	52.3645379	NL.IMBAG.Pand.0363100012178969
men-impossible-69882	Men Impossible	restaurant	4.8799586	52.370691	NL.IMBAG.Pand.0363100012169882
merza-45331	Merza	restaurant	5.0023206	52.3517745	NL.IMBAG.Pand.0363100012145331
mesken-56710	Mesken	restaurant	4.9358422	52.363524	NL.IMBAG.Pand.0363100012156710
middl-eat-67960	Middl Eat	restaurant	4.8899888	52.3666351	NL.IMBAG.Pand.0363100012167960
miko-s-28387	Miko's	restaurant	4.9642248	52.3738377	w464728387
mima-09184	Mima	restaurant	4.8712073	52.3378298	NL.IMBAG.Pand.0363100012109184
mirchi-63270	Mirchi	restaurant	4.935173	52.3635893	NL.IMBAG.Pand.0363100012163270
miri-mary-83742	Miri Mary	restaurant	4.8951713	52.3515812	NL.IMBAG.Pand.0363100012083742
moak-pancakes-19677	Moak Pancakes	restaurant	4.8907494	52.3565	w277219677
moche-67178	Moche	restaurant	4.9290902	52.35523	NL.IMBAG.Pand.0363100012167178
mogu-amsterdam-89620	MOGU Amsterdam	restaurant	4.8544018	52.3810146	NL.IMBAG.Pand.0363100012089620
momo-tibet-57116	Momo Tibet	restaurant	4.90261	52.3550748	NL.IMBAG.Pand.0363100012157116
mont-blanc-66374	Mont Blanc	restaurant	4.8984386	52.3562403	NL.IMBAG.Pand.0363100012166374
moon-68473	Moon	restaurant	4.9019965	52.3838264	w593068473
mount-everest-05308	Mount Everest	restaurant	4.9128714	52.3837966	NL.IMBAG.Pand.0363100012105308
mr-gyoza-61236	Mr. Gyoza	restaurant	4.8653234	52.3611051	NL.IMBAG.Pand.0363100012161236
mr-sushi-54293	Mr. Sushi	restaurant	5.0419771	52.3075192	NL.IMBAG.Pand.0457100000054293
muang-thai-66837	Muang Thai	restaurant	4.8591295	52.358537	NL.IMBAG.Pand.0363100012166837
mudavim-58188	Müdavim	restaurant	4.8933911	52.3552579	NL.IMBAG.Pand.0363100012158188
mythos-69645	Mythos	restaurant	4.8842525	52.3642942	NL.IMBAG.Pand.0363100012169645
naa-thai-63810	Naa Thai	restaurant	4.8938537	52.354016	NL.IMBAG.Pand.0363100012163810
nap-amsterdam-83408	NAP Amsterdam	restaurant	5.0033091	52.3528742	NL.IMBAG.Pand.0363100012083408
nara-nara-81960	Nara Nara	restaurant	4.9283145	52.3621114	NL.IMBAG.Pand.0363100012081960
nefis-etli-ekmek-59658	Nefis Etli Ekmek	restaurant	4.9262782	52.3622458	NL.IMBAG.Pand.0363100012159658
nikotin-19058	Nikotin	restaurant	4.9221958	52.3839625	NL.IMBAG.Pand.0363100012119058
nk-thai-noodles-68178	NK Thai Noodles	restaurant	4.8932216	52.3596072	NL.IMBAG.Pand.0363100012168178
nnea-pizza-66802	nNea Pizza	restaurant	4.8703926	52.3694421	NL.IMBAG.Pand.0363100012166802
no-man-s-art-gallery-94050	No Man's Art Gallery	bar	4.8552805	52.3823723	NL.IMBAG.Pand.0363100012094050
noemi-37240	Noemi	restaurant	4.8998658	52.3573922	NL.IMBAG.Pand.0363100012237240
nom-nom-vietnamese-foodshop-73355	Nom Nom Vietnamese Foodshop	restaurant	4.851091	52.3509098	NL.IMBAG.Pand.0363100012073355
nonna-06423	Nonna	restaurant	4.8637698	52.3628177	NL.IMBAG.Pand.0363100012106423
northeast-kitchen-67017	NorthEast Kitchen	restaurant	4.8904758	52.3566343	NL.IMBAG.Pand.0363100012167017
nyonya-78393	Nyonya	restaurant	4.8986226	52.371321	NL.IMBAG.Pand.0363100012178393
o-bistro-68625	O Bistro	restaurant	4.8826861	52.3800663	NL.IMBAG.Pand.0363100012168625
o-mai-vietnamees-restaurant-78850	Ô MAI Vietnamees Restaurant	restaurant	4.8974734	52.365514	NL.IMBAG.Pand.0363100012178850
o-sole-mio-68570	O' Sole Mio	restaurant	4.8841433	52.3644198	NL.IMBAG.Pand.0363100012168570
obalade-suya-55235	Obalade Suya	restaurant	4.8543531	52.3582028	NL.IMBAG.Pand.0363100012155235
oceania-40557	Oceania	restaurant	4.8911383	52.3454151	NL.IMBAG.Pand.0363100012140557
ode-aan-de-amstel-40353	Ode aan de Amstel	restaurant	4.9149073	52.343402	NL.IMBAG.Pand.0363100012240353
olijfje-65616	Olijfje	restaurant	4.905523	52.3688372	NL.IMBAG.Pand.0363100012165616
omahe-72216	Omahe	restaurant	4.8869036	52.3498779	NL.IMBAG.Pand.0363100012072216
omg-burger-79311	OMG! Burger	restaurant	4.8937262	52.3760856	NL.IMBAG.Pand.0363100012179311
ons-dorpje-21431	Ons Dorpje	restaurant	4.8022077	52.3584235	NL.IMBAG.Pand.0363100012121431
oresti-s-taverna-62627	Oresti's Taverna	restaurant	4.8783821	52.3634426	NL.IMBAG.Pand.0363100012162627
oriental-city-78751	Oriental City	restaurant	4.8963021	52.3718212	NL.IMBAG.Pand.0363100012178751
oriental-restaurant-gouden-kom-15635	Oriental Restaurant Gouden Kom	restaurant	4.9910385	52.3579755	NL.IMBAG.Pand.0363100012115635
osteria-bella-ciao-73586	Osteria Bella Ciao	restaurant	4.8550083	52.345173	NL.IMBAG.Pand.0363100012073586
otaru-91498	Otaru	restaurant	4.8888625	52.3583981	NL.IMBAG.Pand.0363100012091498
otemba-61722	Otemba	restaurant	4.8998073	52.357034	NL.IMBAG.Pand.0363100012161722
otemba-ramen-36441	OTEMBA - ramen	restaurant	4.8730433	52.3676046	NL.IMBAG.Pand.0363100012236441
pad-thai-72000	Pad Thai	restaurant	4.9003082	52.3735356	NL.IMBAG.Pand.0363100012172000
paik-s-noodle-75231	Paik's Noodle	restaurant	4.8925478	52.3680019	NL.IMBAG.Pand.0363100012175231
palladio-70190	Palladio	restaurant	4.8811565	52.3699335	NL.IMBAG.Pand.0363100012170190
paloma-blanca-60566	Paloma Blanca	restaurant	4.8650861	52.3613142	NL.IMBAG.Pand.0363100012160566
pancakes-amsterdam-aan-t-ij-77894	Pancakes Amsterdam Aan 't IJ	restaurant	4.9000464	52.3805574	NL.IMBAG.Pand.0363100012177894
pannenkoekerij-gansi-87577	Pannenkoekerij Gansi	restaurant	4.9713577	52.3232036	NL.IMBAG.Pand.0363100012187577
papa-ali-mix-grill-82440	Papa Ali Mix Grill	restaurant	4.9029486	52.3756525	NL.IMBAG.Pand.0363100012182440
pasta-e-pizza-62433	Pasta e Pizza	restaurant	4.8996294	52.3574568	NL.IMBAG.Pand.0363100012162433
pasta-paradijs-52857	Pasta Paradijs	restaurant	4.8570299	52.3515157	NL.IMBAG.Pand.0363100012152857
pastai-60962	Pastai	restaurant	4.8638711	52.3626378	NL.IMBAG.Pand.0363100012160962
pastini-72218	Pastini	restaurant	4.8846668	52.3666231	NL.IMBAG.Pand.0363100012172218
pata-negra-71777	Pata Negra	restaurant	4.8991054	52.3614062	NL.IMBAG.Pand.0363100012171777
pepenero-64223	PepeNero	restaurant	4.9078035	52.3557623	NL.IMBAG.Pand.0363100012064223
pepenero-cucina-pizza-99914	PepeNero Cucina & Pizza	restaurant	4.9255773	52.3794968	NL.IMBAG.Pand.0363100012099914
peperoncino-84094	Peperoncino	restaurant	4.8947588	52.3455969	NL.IMBAG.Pand.0363100012084094
perla-di-roma-48686	Perla di Roma	restaurant	4.8276799	52.3584417	NL.IMBAG.Pand.0363100012148686
petit-caron-73912	Petit Caron	restaurant	4.8887663	52.3577771	NL.IMBAG.Pand.0363100012073912
pho-viet-76172	Pho Viet	restaurant	4.8889965	52.381739	NL.IMBAG.Pand.0363100012176172
pica-pica-90102	Pica Pica	restaurant	4.9134058	52.3578023	NL.IMBAG.Pand.0363100012090102
picchino-53915	Picchino	restaurant	4.8849034	52.3632077	NL.IMBAG.Pand.0363100012253915
pide-dunyas-78723	Pide Dünyası	restaurant	4.8534369	52.364456	NL.IMBAG.Pand.0363100012078723
piet-de-leeuw-80082	Piet de Leeuw	restaurant	4.8921422	52.361512	NL.IMBAG.Pand.0363100012180082
pizza-project-64561	Pizza Project	restaurant	4.8611643	52.360962	NL.IMBAG.Pand.0363100012164561
pizza-project-bar-69760	Pizza Project Bar	restaurant	4.9253769	52.3679133	NL.IMBAG.Pand.0363100012169760
pizza-taxi-da-paolo-seba-66100	Pizza Taxi Da Paolo & Seba	restaurant	4.8925756	52.3531536	NL.IMBAG.Pand.0363100012166100
pizzeria-steakhouse-ijburg-80574	Pizzeria Steakhouse IJburg	restaurant	5.0072542	52.3521864	NL.IMBAG.Pand.0363100012080574
plato-loco-19305	Plato Loco	restaurant	4.8740828	52.3780392	NL.IMBAG.Pand.0363100012119305
proper-indofood-75795	Proper. Indofood	restaurant	4.8909089	52.3608693	NL.IMBAG.Pand.0363100012175795
radion-14496	Radion	restaurant	4.8255056	52.3457359	NL.IMBAG.Pand.0363100012114496
rainbowls-35465	Rainbowls	restaurant	4.8886429	52.3569857	NL.IMBAG.Pand.0363100012135465
ramen-city-37023	Ramen City	restaurant	4.8903703	52.3558944	NL.IMBAG.Pand.0363100012237023
ramen-ism-78019	Ramen-ISM	restaurant	4.8989951	52.3749155	NL.IMBAG.Pand.0363100012178019
rangla-punjab-61813	Rangla Punjab	restaurant	4.8659512	52.3605557	NL.IMBAG.Pand.0363100012161813
rasoi-74500	Rasoi	restaurant	4.894985	52.3474639	NL.IMBAG.Pand.0363100012074500
renato-s-osteria-32916	Renato's Osteria	restaurant	4.8952004	52.3515107	NL.IMBAG.Pand.0363100012132916
restaurant-asian-fantasy-14927	Restaurant Asian Fantasy	restaurant	4.9546947	52.3153714	r20314927
restaurant-bonjour-78788	Restaurant Bonjour	restaurant	4.8987739	52.3636544	NL.IMBAG.Pand.0363100012178788
restaurant-ja-36832	Restaurant JA	restaurant	4.8983	52.3556549	NL.IMBAG.Pand.0363100012236832
restaurant-klaproos-35403	Restaurant Klaproos	restaurant	4.9120903	52.3936769	NL.IMBAG.Pand.0363100012135403
restaurant-sallora-51279	Restaurant Sallora	restaurant	4.8054413	52.3577843	NL.IMBAG.Pand.0363100012251279
restaurant-shiva-79404	Restaurant Shiva	restaurant	4.8935199	52.3659664	NL.IMBAG.Pand.0363100012179404
ricardo-s-63107	Ricardo's	restaurant	4.9334419	52.3638127	NL.IMBAG.Pand.0363100012163107
rijsel-36544	Rijsel	restaurant	4.9128486	52.3515956	NL.IMBAG.Pand.0363100012236544
ristorante-pizzeria-monte-verde-65953	Ristorante & Pizzeria Monte Verde	restaurant	4.8872638	52.3547383	NL.IMBAG.Pand.0363100012165953
ristorante-papa-carlo-82585	Ristorante Papa Carlo	restaurant	4.9000207	52.371892	NL.IMBAG.Pand.0363100012182585
roberto-s-restaurant-78084	Roberto's Restaurant	restaurant	4.8715594	52.3514585	NL.IMBAG.Pand.0363100012078084
roopram-roti-55550	Roopram Roti	restaurant	4.9248386	52.3619315	NL.IMBAG.Pand.0363100012155550
rossi-sandwiches-31005	Rossi Sandwiches	restaurant	4.8955554	52.3452471	NL.IMBAG.Pand.0363100012131005
roum-cafe-61185	Roum Cafe	restaurant	4.8903028	52.3541052	NL.IMBAG.Pand.0363100012161185
royal-fook-long-42162	Royal Fook Long	restaurant	4.8100429	52.3453224	NL.IMBAG.Pand.0363100012142162
royal98-53823	Royal98	restaurant	4.8932024	52.3735434	NL.IMBAG.Pand.0363100012253823
royalvis-traiteur-18311	Royalvis & Traiteur	restaurant	4.9099446	52.3896002	NL.IMBAG.Pand.0363100012118311
rue-la-bastille-77670	Rue la Bastille	restaurant	4.8874638	52.3826224	NL.IMBAG.Pand.0363100012177670
rufus-restaurant-57012	Rufus Restaurant	restaurant	4.8836858	52.3523175	NL.IMBAG.Pand.0363100012157012
sab-s-deli-36070	Sab's Deli	restaurant	4.8898804	52.3444767	NL.IMBAG.Pand.0363100012136070
sababa-58581	Sababa	restaurant	4.8883061	52.3544649	NL.IMBAG.Pand.0363100012158581
saeed-s-curry-house-54207	Saeed's Curry House	restaurant	4.931968	52.3636413	NL.IMBAG.Pand.0363100012154207
sagardi-72053	Sagardi	restaurant	4.8886343	52.3693981	NL.IMBAG.Pand.0363100012172053
sahan-92837	Sahan	restaurant	4.8001675	52.3584044	NL.IMBAG.Pand.0363100012092837
salento-latino-78584	Salento Latino	restaurant	4.8746776	52.3261016	NL.IMBAG.Pand.0363100012078584
salvatorica-74729	Salvatorica	restaurant	4.8788892	52.3768609	NL.IMBAG.Pand.0363100012174729
sama-sebo-65990	Sama Sebo	restaurant	4.8831414	52.3606764	NL.IMBAG.Pand.0363100012165990
samba-kitchen-59252	Samba Kitchen	restaurant	4.8895895	52.3527522	NL.IMBAG.Pand.0363100012159252
sapporo-ramen-sora-35936	Sapporo Ramen SORA	restaurant	4.8887136	52.3526329	NL.IMBAG.Pand.0363100012235936
seafood-bistro-78815	Seafood Bistro	restaurant	4.8984293	52.3754657	NL.IMBAG.Pand.0363100012178815
seasons-restaurant-75049	Seasons Restaurant	restaurant	4.8890188	52.3771918	NL.IMBAG.Pand.0363100012175049
semai-52074	Semai	restaurant	4.9119863	52.393566	NL.IMBAG.Pand.0363100012152074
semhar-74838	Semhar	restaurant	4.8773404	52.3754261	NL.IMBAG.Pand.0363100012174838
senayan-73612	Senayan	restaurant	4.8840876	52.3723279	NL.IMBAG.Pand.0363100012173612
seth-takeout-76929	Seth takeout	restaurant	4.8882808	52.3691315	NL.IMBAG.Pand.0363100012176929
sham-87688	Sham	restaurant	4.9368846	52.3697596	NL.IMBAG.Pand.0363100012087688
sham-maza-80856	Sham Maza	restaurant	4.8548093	52.3706445	NL.IMBAG.Pand.0363100012080856
sherpa-39376	Sherpa	restaurant	4.8847519	52.3631367	NL.IMBAG.Pand.0363100012239376
shiki-79220	Shiki	restaurant	4.8938324	52.3741161	NL.IMBAG.Pand.0363100012179220
silk-road-kebab-house-80959	Silk Road Kebab House	restaurant	4.9401627	52.36192	NL.IMBAG.Pand.0363100012080959
