slug	name	kind	lng	lat	status	note
bistro-de-la-mer-77684	Bistro de la Mer	restaurant	4.8982919	52.3641316	null	
de-juwelier-77678	De Juwelier	restaurant	4.8982758	52.3642561	measured	
ron-gastrobar-32011	Ron Gastrobar	restaurant	4.8567933	52.3521264	measured	
sichuan-food-68478	Sichuan Food	restaurant	4.8905627	52.3665075	measured	
vinkeles-74123	Vinkeles	restaurant	4.8834577	52.3692629	null	
yamazato-77533	Yamazato	restaurant	4.8939215	52.3486474	no-reference	
bougainville-65129	Bougainville	restaurant	4.8932522	52.3725106	null	
bridges-50983	Bridges	restaurant	4.895255	52.3709275	null	
flore-68170	Flore	restaurant	4.8943025	52.3674539	measured	
restaurant-212-71575	Restaurant 212	restaurant	4.9002601	52.3658779	null	Plain canal house: tall windows over a stucco base with basement grilles; no shopfront, no signage.
restaurant-lastage-82260	Restaurant Lastage	restaurant	4.9024018	52.3754586	measured	
sinne-35937	Sinne	restaurant	4.8940625	52.3529993	measured	
spectrum-78774	Spectrum	restaurant	4.896983	52.3646319	no-reference	
vermeer-82718	Vermeer	restaurant	4.9004724	52.3764859	measured	
moshik-06274	&moshik	restaurant	4.9060727	52.376322	measured	
brouwerij-t-ij-69757	Brouwerij 't IJ	pub	4.9263471	52.3666977	measured	
brouwerij-troost-26831	Brouwerij Troost	pub	4.8910543	52.3505334	measured	
rijnbar-80338	Rijnbar	pub	4.9045505	52.3488042	measured	
schiller-78854	Schiller	pub	4.896587	52.365674	measured	
reijnders-68746	Reijnders	pub	4.8829038	52.3646163	measured	
scheltema-67522	Scheltema	pub	4.8903683	52.3720832	null	
t-vliegertje-36397	't Vliegertje	restaurant	4.8911265	52.3453554	measured	
my-surinaamse-broodjes-36700	@my Surinaamse broodjes	restaurant	4.8632982	52.3635301	measured	
a-sentimento-pizza-33537	A sentimento Pizza	restaurant	4.8783263	52.3825392	null	
a-tavola-81149	A Tavola	restaurant	4.9122719	52.3702271	null	
a-volo-72841	a Volo!	restaurant	4.8845468	52.3842507	measured	
a-fushion-42477	A-Fushion	restaurant	4.8773263	52.3948216	measured	
aaltje-54926	Aaltje	restaurant	5.0385134	52.3088348	measured	
abyssinia-49625	Abyssinia	restaurant	4.8652881	52.3604337	measured	
afhaalcentrum-terang-boelan-65034	Afhaalcentrum Terang Boelan	restaurant	4.8827411	52.379673	measured	
akitsu-69827	Akitsu	restaurant	4.8752152	52.3722193	measured	
al-argentino-65689	Al Argentino	restaurant	4.9009356	52.3756793	measured	Registration: building edge 1.3 m into crop; shift -1.3.
al-basha-47236	Al Basha	restaurant	4.8196528	52.3780823	measured	
alberto-pozzetto-private-dining-56811	Alberto Pozzetto Private Dining	restaurant	4.8927463	52.3555404	null	
albina-10961	Albina	restaurant	4.8896461	52.3549601	measured	
ali-ocakbas-78972	Ali Ocakbaşı	restaurant	4.8977605	52.3648789	measured	
ama-sushi-ramen-35932	Ama Sushi & Ramen	restaurant	4.9015808	52.3551083	measured	
amra-74506	Amra	restaurant	4.8833656	52.3781002	measured	
aneka-rasa-71504	Aneka Rasa	restaurant	4.8988791	52.3757216	measured	
anjappar-65520	Anjappar	restaurant	4.8806241	52.3548123	measured	
any-thaim-delivery-23690	Any Thaim Delivery	restaurant	4.9127267	52.3835891	measured	
arepa-shop-amsterdam-36819	Arepa Shop Amsterdam	restaurant	4.8429741	52.3406765	no-reference	
argentalia-78811	Argentalia	restaurant	4.8986252	52.3755824	measured	
aries-noodles-74933	Aries Noodles	restaurant	4.8401983	52.3535631	no-reference	
arles-60398	Arles	restaurant	4.8981031	52.3563	measured	
attila-turkish-food-78174	Attila Turkish Food	restaurant	4.8407057	52.3781802	null	
auberge-36577	Auberge	restaurant	4.8892642	52.3546441	measured	
baibua-75627	Baibua	restaurant	4.8915025	52.3665156	measured	
baires-40662	Baires	restaurant	4.869803	52.3689303	measured	
baires-60490	Baires	restaurant	4.9252245	52.3597336	null	
baked-59205	Baked	restaurant	4.8724191	52.3749811	null	
bakers-roasters-33622	Bakers & Roasters	restaurant	4.8898583	52.3573232	measured	
balraj-67821	Balraj	restaurant	4.8885301	52.3820036	measured	
banh-mi-ba-my-68914	Bánh Mì Bà Mỹ	restaurant	4.8754645	52.3719454	measured	
bar-bistro-river-68038	Bar & Bistro River	restaurant	4.902249	52.3427302	measured	
bar-dancing-multipla-74176	Bar Dancing Multipla	restaurant	4.8437232	52.3420386	null	
bar-karma-78156	Bar Karma	restaurant	4.8916546	52.4015677	measured	
bar-pepe-23741	Bar Pepe	restaurant	4.8533006	52.3855444	no-reference	
bar-ristorante-gallizia-64155	Bar Ristorante Gallizia	restaurant	4.9342332	52.3638576	null	Crop blurred and dominated by the neighbouring Lara hair salon; pin's shop unreadable.
barada-54271	Barada	restaurant	5.0431507	52.3080454	measured	
bella-storia-trattoria-italiana-64646	Bella Storia Trattoria Italiana	restaurant	4.8741388	52.3837969	measured	
beyoglu-26283	Beyoğlu	restaurant	4.913725	52.3572653	measured	
beyrouth-36814	Beyrouth	restaurant	4.8752736	52.368212	measured	
billy-s-thai-restaurant-73820	Billy's Thai Restaurant	restaurant	4.8821546	52.3678876	null	
bir-tat-37903	Bir Tat	restaurant	4.8483065	52.3786221	measured	
bisous-52622	Bisous	restaurant	4.8878177	52.3547197	measured	
bistro-amsterdam-74130	Bistro Amsterdam	restaurant	4.8833984	52.3737969	measured	
bistrot-des-alpes-82275	Bistrot des Alpes	restaurant	4.901404	52.3619819	measured	
bistrot-neuf-71114	Bistrot Neuf	restaurant	4.8937715	52.3793782	measured	
blauw-56113	Blauw	restaurant	4.8556982	52.3534506	measured	
blin-queen-78949	Blin Queen	restaurant	4.8968557	52.366956	measured	
bloem-op-ijburg-06701	Bloem op IJburg	restaurant	4.997163	52.3545297	null	
blue-dragon-82246	Blue Dragon	restaurant	4.8911488	52.357404	measured	
blue-pepper-56684	Blue Pepper	restaurant	4.8780494	52.3657926	measured	
boeuf-53646	Boeuf	restaurant	4.8885146	52.3561961	measured	
bojo-68561	Bojo	restaurant	4.8847921	52.3639322	measured	Registration: crop starts 1.0 m early (neighbour's pilaster); shift -1.0. User flagged.
boothuis-nieuw-west-50554	Boothuis Nieuw-West	restaurant	4.8158962	52.360322	no-reference	
bouillon-d-amsterdam-75580	Bouillon d’Amsterdam	restaurant	4.8907098	52.3740513	measured	
brandon-76429	Brandon	pub	4.8864147	52.3754007	measured	
brasserie-nenette-86764	Brasserie Nenette	restaurant	4.8927988	52.3424069	measured	
bret-43513	Bret	restaurant	4.836764	52.3898525	measured	
bromo-indah-70189	Bromo Indah	restaurant	4.8803566	52.3696718	null	
brunchdale-51598	Brunchdale	restaurant	4.9042534	52.3963819	measured	
brunchie-71533	Brunchie	restaurant	4.88551	52.36527	measured	
brut-de-mer-57580	Brut de Mer	restaurant	4.8925499	52.3557827	measured	
buffet-van-odette-76062	Buffet van Odette	restaurant	4.8889892	52.3622855	measured	
buiten-amsterdam-48608	Buiten Amsterdam	restaurant	4.8212599	52.3714116	measured	Whole building: teal corrugated steel shed with gable; facade mode. User flagged.
bullewijck-par-hasard-01986	Bullewijck par Hasard	restaurant	4.9483416	52.3068814	measured	Lettered red box awnings in four segments; concrete facade. User flagged.
bulls-and-dogs-36693	Bulls and Dogs	restaurant	4.8683977	52.3668262	no-reference	
buurman-buurman-eetwinkel-de-with-02216	Buurman & Buurman Eetwinkel De With	restaurant	4.8593	52.3687859	measured	
cabron-59249	Cabrón	restaurant	4.8948789	52.3557323	measured	
cafe-brasserie-helden-48810	Cafe Brasserie Helden	restaurant	4.8399121	52.3906691	no-reference	
cafe-carbon-72095	Café Carbòn	restaurant	4.8572197	52.346165	measured	
cafe-caron-05340	Café Caron	restaurant	4.8887752	52.3573801	measured	
cafe-de-klos-72453	Café De Klos	restaurant	4.8856662	52.3653542	measured	
cafe-kadijk-70737	Cafe Kadijk	restaurant	4.9121073	52.3701143	null	Crop is a white stucco side wall with one red house door; the cafe's front is presumably round the corner.
cafe-luxembourg-71813	Café Luxembourg	restaurant	4.8887034	52.3686609	measured	
cafe-maurits-18332	Cafe Maurits	restaurant	4.850327	52.3508915	measured	
cafe-maxwell-21409	Café Maxwell	restaurant	4.9186525	52.3568021	no-reference	
cafe-modern-00305	Café Modern	restaurant	4.9090476	52.3864765	measured	
cafe-parlotte-69678	Café Parlotte	restaurant	4.8817584	52.3782562	null	Crop is a close, blurred zoom of a wide opening; unreadable.
cafe-piazza-82586	Cafe Piazza	restaurant	4.9000321	52.3719346	measured	Registration: building 2.0-4.0 m in a 4.7 m crop; shift -2.0, span filled to the footprint.
cafe-warung-pas-22965	Café Warung Pas	restaurant	4.9128268	52.3811001	null	
cafe-diner-t-weesperplein-54930	Café-Diner 't Weesperplein	restaurant	5.0408807	52.3082511	measured	
caffe-italia-77743	Caffe Italia	restaurant	4.8971138	52.374565	no-reference	
cai-cai-15768	Cai & Cai	restaurant	4.9401995	52.3713201	measured	
calisto-76282	Calisto	restaurant	4.8875063	52.3823801	measured	
calle-ocho-59713	Calle Ocho	restaurant	4.8969974	52.3562874	measured	
camino-taqueria-36027	Camino Taqueria	restaurant	4.8712629	52.3670935	measured	
cannibale-royale-52862	Cannibale Royale	restaurant	4.8872133	52.3536186	measured	
cannibale-royale-handboogstraat-75878	Cannibale Royale Handboogstraat	restaurant	4.890326	52.3679936	null	Crop is noise/out of focus.
cantina-caliente-70417	Cantina Caliente	restaurant	4.9108398	52.3623528	measured	
cantine-de-caron-52471	Cantine de Caron	restaurant	4.8728174	52.3862897	null	
carletto-67455	Carletto	restaurant	4.8917629	52.3556262	measured	
cartagena-62560	Cartagena	restaurant	4.8659376	52.3657013	measured	
casa-nostra-52357	Casa Nostra	restaurant	4.9030373	52.3555664	measured	
casa-peru-68820	Casa Peru	restaurant	4.8829961	52.3664389	null	Restaurant is in a canal-house souterrain (basement); no ground-floor shopfront to model.
cascada-40347	Cascada	restaurant	4.9485096	52.3113689	null	
castillo-79394	Castillo	restaurant	4.8936364	52.3660845	measured	
cavataria-14248	Cavataria	restaurant	4.8632294	52.3511506	measured	
cedars-05128	Cedars	restaurant	4.8444223	52.3519506	measured	
chadni-chowk-17679	Chadni Chowk	restaurant	4.8479101	52.3843705	measured	
cham-so-good-58473	Cham So Good	restaurant	4.8614149	52.3595183	measured	
chateau-amsterdam-13565	Chateau Amsterdam	restaurant	4.9265497	52.3862683	measured	
chhiwat-bladi-lunch-grill-62478	Chhiwat Bladi Lunch & Grill	restaurant	4.7999311	52.3517967	measured	
china-supreme-99001	China Supreme	restaurant	4.8683904	52.326394	null	
chuzo-king-77947	Chuzo King	restaurant	4.9105623	52.3991113	null	
cinq-oriental-bistro-47188	CINQ Oriental Bistro	restaurant	4.8532672	52.3413856	measured	
city-noord-eethuis-84998	City Noord Eethuis	restaurant	4.9057522	52.4171929	measured	
classico-37221	Classico	restaurant	4.8743211	52.3568782	measured	
colima-71772	Colima	restaurant	4.8991594	52.3613241	first-pass	
couscous-bar-61747	Couscous Bar	restaurant	4.8713221	52.3668736	first-pass	
couscous-club-53618	CousCous Club	restaurant	4.8942041	52.3530499	first-pass	
ctaste-77277	ctaste	restaurant	4.9062854	52.3541976	first-pass	
cucina-casalinga-34703	Cucina Casalinga	restaurant	4.8590476	52.3448849	first-pass	
cuddle-pub-79234	Cuddle Pub	restaurant	4.893945	52.3753635	no-reference	
de-aardige-pers-58278	De Aardige Pers	restaurant	4.8742942	52.3741803	first-pass	
de-italiaan-66559	De Italiaan	restaurant	4.8763748	52.3654913	first-pass	
de-nieuwe-khl-80851	De Nieuwe KHL	restaurant	4.9363092	52.3740065	null	
de-nieuwe-rai-93538	De Nieuwe Rai	restaurant	4.8913423	52.3439053	first-pass	
de-palmboom-71180	De Palmboom	restaurant	4.8967247	52.3701445	first-pass	
de-patchka-56486	De Patchka	restaurant	4.8911077	52.3552405	first-pass	
de-pizzakamer-30670	De Pizzakamer	restaurant	4.8946407	52.3524483	first-pass	
de-plantage-70549	de Plantage	restaurant	4.912559	52.3665845	no-reference	
desa-61346	Dèsa	restaurant	4.8918401	52.3530513	null	
di-luca-43829	Di Luca	restaurant	4.9214887	52.3846608	first-pass	
dignita-93370	Dignita	restaurant	4.8572641	52.3518479	first-pass	
dionysos-taverna-36240	Dionysos Taverna	restaurant	4.872408	52.3622131	first-pass	
domenica-67762	Domenica	restaurant	4.8874348	52.380132	null	
doner-baba-79578	Döner Baba	restaurant	4.9789369	52.3164311	no-reference	
dong-son-takeaway-restaurant-72773	Dong Son Takeaway Restaurant	restaurant	4.8819925	52.3738723	first-pass	
dos-73278	DOS	restaurant	4.880901	52.3808003	first-pass	
east57-66850	East57	restaurant	4.9183799	52.350072	no-reference	
eatmosfera-82121	Eatmosfera	restaurant	4.9359311	52.3632541	first-pass	
eetcafe-t-pakhuis-75883	Eetcafé 't Pakhuis	restaurant	4.8906317	52.3682105	first-pass	
eetcafe-koevoet-72933	Eetcafe Koevoet	restaurant	4.8853084	52.3796209	first-pass	
eetcafe-van-beeren-82699	Eetcafe van Beeren	restaurant	4.902218	52.3720695	first-pass	
eggs-benaddicted-72390	Eggs Benaddicted	restaurant	4.8849504	52.364384	first-pass	
el-torado-grill-68110	El Torado Grill	restaurant	4.8947159	52.3666908	first-pass	
ethiopisch-restaurant-addis-ababa-66610	Ethiopisch restaurant Addis Ababa	restaurant	4.8642077	52.359826	first-pass	
fabian-78620	Fabian	restaurant	4.8987428	52.3750087	first-pass	
feduzzi-85026	Feduzzi	restaurant	4.891221	52.345707	first-pass	
fiaschetteria-pistoia-73112	Fiaschetteria "Pistoia"	restaurant	4.8845848	52.3800627	first-pass	
fiaschetteria-pistoia-59698	Fiaschetteria Pistoia	restaurant	4.8937038	52.3557149	null	
fiko-80855	Fiko	restaurant	4.8741057	52.3640237	null	
five-bells-65747	Five Bells	restaurant	4.8945522	52.3761452	no-reference	
florentin-st-81813	Florentin St.	restaurant	4.8974868	52.3561344	null	
flow-62418	Flow	restaurant	4.8898708	52.3575216	first-pass	
fondue-fondue-53352	Fondue & Fondue	restaurant	4.8612419	52.359087	first-pass	
food-brothers-83027	Food Brothers	restaurant	4.912677	52.350094	first-pass	
fou-fow-ramen-73890	Fou Fow Ramen	restaurant	4.8822664	52.3703042	no-reference	
franggo-63278	Franggo	restaurant	4.8977325	52.3562579	first-pass	
fruittuin-van-west-44379	Fruittuin van West	restaurant	4.7746888	52.3817489	no-reference	
fujitora-61426	Fujitora	restaurant	4.896243	52.3560662	first-pass	
fuku-ramen-63449	Fuku Ramen	restaurant	4.9257723	52.3552228	first-pass	
full-moon-garden-74474	Full Moon Garden	restaurant	4.883854	52.3646327	first-pass	
gaja-korean-bbq-bar-67636	Gaja Korean BBQ & Bar	restaurant	4.9085513	52.3757981	first-pass	
gartine-75728	Gartine	restaurant	4.8915165	52.369203	first-pass	
gebr-hartering-82661	Gebr. Hartering	restaurant	4.9074757	52.3716443	first-pass	
golden-thali-50442	Golden Thali	restaurant	4.8656872	52.3468294	first-pass	
grieks-restaurant-plato-38635	Grieks restaurant Plato	restaurant	4.8130357	52.3744775	null	
hakata-senpachi-00201	Hakata Senpachi	restaurant	4.8893218	52.3444664	first-pass	
hannekes-boom-38899	Hannekes Boom	restaurant	4.9116163	52.3762934	null	
hanoi-old-quarter-restaurant-65114	Hanoi Old Quarter Restaurant	restaurant	4.8896426	52.3703139	null	
hans-im-gluck-51814	Hans im Glück	restaurant	4.8974702	52.3664086	first-pass	
hap-hmm-63575	Hap Hmm	restaurant	4.8762231	52.3636692	first-pass	
hap-li-90676	Hap Li	restaurant	4.8482999	52.3840419	first-pass	
harmani-63659	Harmani	restaurant	4.8885998	52.3549047	first-pass	
havzan-37053	Havzan	restaurant	4.8297709	52.3798934	first-pass	
hawaiian-poke-bowl-37272	Hawaiian Poké Bowl	restaurant	4.8905438	52.3551332	first-pass	
hayran-61341	Hayran	restaurant	4.8946928	52.3526912	first-pass	
hinata-72121	Hinata	restaurant	4.8850906	52.3788579	first-pass	
hoi-tin-77906	Hoi Tin	restaurant	4.9001332	52.373427	first-pass	
hoogendam-84746	Hoogendam	restaurant	4.8915498	52.3833961	no-reference	
hummus-bistro-d-a-73434	Hummus Bistro D&A	restaurant	4.8826599	52.3784324	first-pass	
hunkar-restaurant-16023	Hunkar Restaurant	restaurant	4.8009831	52.3784195	first-pass	
ibericus-amsterdam-79660	Ibericus Amsterdam	restaurant	4.8908642	52.3805158	first-pass	
il-delfino-blu-36816	Il Delfino Blu	restaurant	4.7972765	52.3517069	null	
il-primo-68332	Il Primo	restaurant	4.889753	52.366715	first-pass	
il-sogno-08857	Il Sogno	restaurant	4.9939576	52.3562017	null	
il-tramezzino-68426	Il Tramezzino	restaurant	4.8914837	52.3803114	first-pass	
impero-romano-52924	Impero Romano	restaurant	4.904448	52.3567942	first-pass	
incanto-79461	Incanto	restaurant	4.8938599	52.3670166	null	
indrapura-78846	Indrapura	restaurant	4.8970609	52.3657478	first-pass	
insieme-71619	Insieme	restaurant	4.8913909	52.3468146	first-pass	
instock-amsterdam-69762	Instock Amsterdam	restaurant	4.9265127	52.3686253	null	
isshin-59354	ISSHIN	restaurant	4.8886424	52.3570484	first-pass	
italia-oggi-71755	Italia Oggi	restaurant	4.9022578	52.3738399	first-pass	
jen-s-bing-81194	Jen's Bing	restaurant	4.9106394	52.3639011	first-pass	
jinso-07340	Jinso	restaurant	4.944758	52.3127382	first-pass	
john-dory-68453	John Dory	restaurant	4.8938737	52.362155	no-reference	
joselito-tapas-79619	Joselito Tapas	restaurant	4.8946403	52.3787879	first-pass	
jun-93249	Jun	restaurant	4.8732485	52.375862	first-pass	
kaagman-kortekaas-69080	Kaagman & Kortekaas	restaurant	4.8924356	52.3748089	null	
kafe-kontrast-36508	Kafé Kontrast	restaurant	4.8899113	52.3527943	first-pass	
kamasutra-78550	Kamasutra	restaurant	4.898485	52.3751045	first-pass	
kathmandu-kitchen-15728	Kathmandu Kitchen	restaurant	4.854705	52.3692319	first-pass	
kebaphan-69641	Kebaphan	restaurant	4.8015803	52.3625817	null	
kebec-corner-13694	Kebec Corner	restaurant	4.8919788	52.4035919	null	
kerkzicht-29775	Kerkzicht	restaurant	4.7996803	52.3413829	measured	Whole building: one-storey pavilion, hipped tile roof, brick gable dormer; facade mode with topM 4.3. User flagged.
kilimanjaro-37317	Kilimanjaro	restaurant	4.91832	52.3565171	first-pass	
kim-s-so-18480	Kim's So	restaurant	4.9246199	52.3618717	first-pass	
klein-breda-78942	Klein Breda	restaurant	4.8974539	52.3656457	first-pass	
koeah-75819	Koeah	restaurant	4.8907497	52.3750021	first-pass	
kokohili-01213	Kokohili	restaurant	4.8846736	52.3245345	first-pass	
kreeftenbar-12628	Kreeftenbar	restaurant	4.8928516	52.3398193	null	
kruabuppha-87294	Kruabuppha	restaurant	4.904308	52.3495403	first-pass	
kyo-82963	Kyo	restaurant	4.9020474	52.3723595	first-pass	
la-brasa-67816	La Brasa	restaurant	4.8887657	52.3818704	first-pass	
la-bruschetta-87323	La Bruschetta	restaurant	4.9949425	52.3593615	null	
la-cacerola-71888	La Cacerola	restaurant	4.8887415	52.3610493	first-pass	
la-cantina-79571	La Cantina	restaurant	4.8040345	52.4003694	null	
la-fucina-81789	La Fucina	restaurant	4.9360762	52.3638845	first-pass	
la-maschera-68857	La Maschera	restaurant	4.881397	52.3778106	first-pass	
la-nostra-gigi-68187	La Nostra Gigi	restaurant	4.8914966	52.3573379	no-reference	
la-oliva-pintxos-y-vinos-72953	La Oliva Pintxos y Vinos	restaurant	4.8822395	52.3766957	first-pass	
la-paella-78816	La Paella	restaurant	4.8984804	52.3754964	first-pass	
la-perla-72878	La Perla	restaurant	4.881768	52.3770366	first-pass	
la-piazza-65128	La Piazza	restaurant	4.8915763	52.3725959	first-pass	
la-polpetta-31526	La Polpetta	restaurant	4.854013	52.3583056	first-pass	
la-reinita-empanadas-73572	La Reinita Empanadas	restaurant	4.883364	52.3785494	first-pass	
la-roma-81243	La Roma	restaurant	4.9117009	52.3660967	null	
la-ruelle-54949	La Ruelle	restaurant	5.0404012	52.3082626	null	
ladybird-fried-chicken-54143	Ladybird Fried Chicken	restaurant	4.8936155	52.3543495	first-pass	
le-4-stagioni-57247	Le 4 Stagioni	restaurant	4.8754197	52.3555256	first-pass	
le-sud-76570	Le Sud	restaurant	4.8862642	52.3832875	null	Crop shows residential doors 17 and 19, a basement window and house windows; no shopfront on this wall. User flagged.
lemoene-33308	Lemoene	restaurant	4.8409343	52.359686	null	
leonardo-s-ravioli-bar-59331	Leonardo's Ravioli Bar	restaurant	4.8934162	52.3546337	measured	Closed graffitied roll-down shutter in a black frame. User flagged.
lepita-99648	lePita	restaurant	4.8710603	52.3257181	no-reference	
les-zazous-79884	Les Zazous	restaurant	4.9415271	52.3765161	null	
leziz-71219	Leziz	restaurant	4.7983306	52.3515004	first-pass	
little-chinatown-asian-cuisine-19312	Little Chinatown Asian Cuisine	restaurant	4.9510749	52.3134649	null	
little-saigon-68107	Little Saigon	restaurant	4.9254829	52.3871539	first-pass	
lloyd-hotel-18149	Lloyd Hotel	restaurant	4.9347391	52.3741514	null	
lokaal-van-de-stad-40908	Lokaal van de Stad	restaurant	4.8461606	52.3517075	first-pass	
lombardo-s-77099	Lombardo's	restaurant	4.8887021	52.3635469	first-pass	
long-pura-70087	Long Pura	restaurant	4.8811186	52.3736527	null	
loulou-pizzabar-57281	Loulou Pizzabar	restaurant	4.9074831	52.3557985	first-pass	
lucca-due-80345	Lucca Due	restaurant	4.8901177	52.3811468	first-pass	
lucius-75671	Lucius	restaurant	4.8893827	52.3707574	first-pass	
lucky-house-73005	Lucky House	restaurant	4.8852774	52.3814204	first-pass	
luna-73311	Luna	restaurant	4.8844841	52.3803328	first-pass	
lupe-72083	Lupe	restaurant	4.85771	52.381963	first-pass	
made-s-warung-26789	Made's Warung	restaurant	4.8637146	52.351351	first-pass	
maenaam-thai-75826	Maenaam Thai	restaurant	4.8910963	52.3752589	first-pass	
makachi-64043	Makachi	restaurant	4.8903522	52.3557886	first-pass	
mama-makan-43487	Mama Makan	restaurant	4.9121938	52.3617958	first-pass	
mamas-tapas-63129	Mamas & Tapas	restaurant	4.8733175	52.3747638	first-pass	
mangia-pizza-centrum-75482	Mangia Pizza Centrum	restaurant	4.8915579	52.3610007	first-pass	
mangiancora-65866	Mangiancora	restaurant	4.8912043	52.3517157	first-pass	
maris-piper-brasserie-36608	Maris Piper Brasserie	restaurant	4.8884238	52.3556545	first-pass	
marmaris-grill-pizza-73393	Marmaris grill & pizza	restaurant	4.9489493	52.3130392	null	
maydanoz-56807	Maydanoz	restaurant	4.8873168	52.3524472	first-pass	
mchi-42337	Mchi	restaurant	4.9979505	52.3541234	null	
meghna-78969	Meghna	restaurant	4.8978962	52.3645379	first-pass	
men-impossible-69882	Men Impossible	restaurant	4.8799586	52.370691	first-pass	
merza-45331	Merza	restaurant	5.0023206	52.3517745	null	
mesken-56710	Mesken	restaurant	4.9358422	52.363524	first-pass	
middl-eat-67960	Middl Eat	restaurant	4.8899888	52.3666351	first-pass	
miko-s-28387	Miko's	restaurant	4.9642248	52.3738377	null	
mima-09184	Mima	restaurant	4.8712073	52.3378298	first-pass	
mirchi-63270	Mirchi	restaurant	4.935173	52.3635893	first-pass	
miri-mary-83742	Miri Mary	restaurant	4.8951713	52.3515812	first-pass	
moak-pancakes-19677	Moak Pancakes	restaurant	4.8907494	52.3565	first-pass	
moche-67178	Moche	restaurant	4.9290902	52.35523	first-pass	
mogu-amsterdam-89620	MOGU Amsterdam	restaurant	4.8544018	52.3810146	first-pass	
momo-tibet-57116	Momo Tibet	restaurant	4.90261	52.3550748	first-pass	
mont-blanc-66374	Mont Blanc	restaurant	4.8984386	52.3562403	first-pass	
moon-68473	Moon	restaurant	4.9019965	52.3838264	null	
mount-everest-05308	Mount Everest	restaurant	4.9128714	52.3837966	first-pass	
mr-gyoza-61236	Mr. Gyoza	restaurant	4.8653234	52.3611051	first-pass	
mr-sushi-54293	Mr. Sushi	restaurant	5.0419771	52.3075192	null	
muang-thai-66837	Muang Thai	restaurant	4.8591295	52.358537	first-pass	
mudavim-58188	Müdavim	restaurant	4.8933911	52.3552579	null	
mythos-69645	Mythos	restaurant	4.8842525	52.3642942	first-pass	
naa-thai-63810	Naa Thai	restaurant	4.8938537	52.354016	first-pass	
nap-amsterdam-83408	NAP Amsterdam	restaurant	5.0033091	52.3528742	null	
nara-nara-81960	Nara Nara	restaurant	4.9283145	52.3621114	first-pass	
nefis-etli-ekmek-59658	Nefis Etli Ekmek	restaurant	4.9262782	52.3622458	first-pass	
nikotin-19058	Nikotin	restaurant	4.9221958	52.3839625	first-pass	
nk-thai-noodles-68178	NK Thai Noodles	restaurant	4.8932216	52.3596072	first-pass	
nnea-pizza-66802	nNea Pizza	restaurant	4.8703926	52.3694421	first-pass	
no-man-s-art-gallery-94050	No Man's Art Gallery	bar	4.8552805	52.3823723	first-pass	
noemi-37240	Noemi	restaurant	4.8998658	52.3573922	null	
nom-nom-vietnamese-foodshop-73355	Nom Nom Vietnamese Foodshop	restaurant	4.851091	52.3509098	null	
nonna-06423	Nonna	restaurant	4.8637698	52.3628177	first-pass	
northeast-kitchen-67017	NorthEast Kitchen	restaurant	4.8904758	52.3566343	first-pass	
nyonya-78393	Nyonya	restaurant	4.8986226	52.371321	first-pass	
o-bistro-68625	O Bistro	restaurant	4.8826861	52.3800663	null	
o-mai-vietnamees-restaurant-78850	Ô MAI Vietnamees Restaurant	restaurant	4.8974734	52.365514	first-pass	
o-sole-mio-68570	O' Sole Mio	restaurant	4.8841433	52.3644198	first-pass	
obalade-suya-55235	Obalade Suya	restaurant	4.8543531	52.3582028	first-pass	
oceania-40557	Oceania	restaurant	4.8911383	52.3454151	first-pass	
ode-aan-de-amstel-40353	Ode aan de Amstel	restaurant	4.9149073	52.343402	first-pass	
olijfje-65616	Olijfje	restaurant	4.905523	52.3688372	null	
omahe-72216	Omahe	restaurant	4.8869036	52.3498779	first-pass	
omg-burger-79311	OMG! Burger	restaurant	4.8937262	52.3760856	first-pass	
ons-dorpje-21431	Ons Dorpje	restaurant	4.8022077	52.3584235	null	
oresti-s-taverna-62627	Oresti's Taverna	restaurant	4.8783821	52.3634426	first-pass	
oriental-city-78751	Oriental City	restaurant	4.8963021	52.3718212	first-pass	
oriental-restaurant-gouden-kom-15635	Oriental Restaurant Gouden Kom	restaurant	4.9910385	52.3579755	no-reference	
osteria-bella-ciao-73586	Osteria Bella Ciao	restaurant	4.8550083	52.345173	null	
otaru-91498	Otaru	restaurant	4.8888625	52.3583981	first-pass	
otemba-61722	Otemba	restaurant	4.8998073	52.357034	first-pass	
otemba-ramen-36441	OTEMBA - ramen	restaurant	4.8730433	52.3676046	first-pass	
pad-thai-72000	Pad Thai	restaurant	4.9003082	52.3735356	first-pass	
paik-s-noodle-75231	Paik's Noodle	restaurant	4.8925478	52.3680019	null	
palladio-70190	Palladio	restaurant	4.8811565	52.3699335	first-pass	
paloma-blanca-60566	Paloma Blanca	restaurant	4.8650861	52.3613142	first-pass	
pancakes-amsterdam-aan-t-ij-77894	Pancakes Amsterdam Aan 't IJ	restaurant	4.9000464	52.3805574	null	
pannenkoekerij-gansi-87577	Pannenkoekerij Gansi	restaurant	4.9713577	52.3232036	null	
papa-ali-mix-grill-82440	Papa Ali Mix Grill	restaurant	4.9029486	52.3756525	first-pass	
pasta-e-pizza-62433	Pasta e Pizza	restaurant	4.8996294	52.3574568	first-pass	
pasta-paradijs-52857	Pasta Paradijs	restaurant	4.8570299	52.3515157	first-pass	
pastai-60962	Pastai	restaurant	4.8638711	52.3626378	first-pass	
pastini-72218	Pastini	restaurant	4.8846668	52.3666231	first-pass	
pata-negra-71777	Pata Negra	restaurant	4.8991054	52.3614062	first-pass	
pepenero-64223	PepeNero	restaurant	4.9078035	52.3557623	first-pass	
pepenero-cucina-pizza-99914	PepeNero Cucina & Pizza	restaurant	4.9255773	52.3794968	null	
peperoncino-84094	Peperoncino	restaurant	4.8947588	52.3455969	first-pass	
perla-di-roma-48686	Perla di Roma	restaurant	4.8276799	52.3584417	null	
petit-caron-73912	Petit Caron	restaurant	4.8887663	52.3577771	first-pass	
pho-viet-76172	Pho Viet	restaurant	4.8889965	52.381739	first-pass	
pica-pica-90102	Pica Pica	restaurant	4.9134058	52.3578023	null	
picchino-53915	Picchino	restaurant	4.8849034	52.3632077	first-pass	
pide-dunyas-78723	Pide Dünyası	restaurant	4.8534369	52.364456	first-pass	
piet-de-leeuw-80082	Piet de Leeuw	restaurant	4.8921422	52.361512	first-pass	
pizza-project-64561	Pizza Project	restaurant	4.8611643	52.360962	null	
pizza-project-bar-69760	Pizza Project Bar	restaurant	4.9253769	52.3679133	first-pass	
pizza-taxi-da-paolo-seba-66100	Pizza Taxi Da Paolo & Seba	restaurant	4.8925756	52.3531536	first-pass	
pizzeria-steakhouse-ijburg-80574	Pizzeria Steakhouse IJburg	restaurant	5.0072542	52.3521864	first-pass	
plato-loco-19305	Plato Loco	restaurant	4.8740828	52.3780392	first-pass	
proper-indofood-75795	Proper. Indofood	restaurant	4.8909089	52.3608693	first-pass	
radion-14496	Radion	restaurant	4.8255056	52.3457359	no-reference	
rainbowls-35465	Rainbowls	restaurant	4.8886429	52.3569857	first-pass	
ramen-city-37023	Ramen City	restaurant	4.8903703	52.3558944	null	
ramen-ism-78019	Ramen-ISM	restaurant	4.8989951	52.3749155	first-pass	
rangla-punjab-61813	Rangla Punjab	restaurant	4.8659512	52.3605557	first-pass	
rasoi-74500	Rasoi	restaurant	4.894985	52.3474639	first-pass	
renato-s-osteria-32916	Renato's Osteria	restaurant	4.8952004	52.3515107	first-pass	
restaurant-asian-fantasy-14927	Restaurant Asian Fantasy	restaurant	4.9546947	52.3153714	null	
restaurant-bonjour-78788	Restaurant Bonjour	restaurant	4.8987739	52.3636544	no-reference	
restaurant-ja-36832	Restaurant JA	restaurant	4.8983	52.3556549	first-pass	
restaurant-klaproos-35403	Restaurant Klaproos	restaurant	4.9120903	52.3936769	first-pass	
restaurant-sallora-51279	Restaurant Sallora	restaurant	4.8054413	52.3577843	null	
restaurant-shiva-79404	Restaurant Shiva	restaurant	4.8935199	52.3659664	first-pass	
ricardo-s-63107	Ricardo's	restaurant	4.9334419	52.3638127	first-pass	
rijsel-36544	Rijsel	restaurant	4.9128486	52.3515956	null	
ristorante-pizzeria-monte-verde-65953	Ristorante & Pizzeria Monte Verde	restaurant	4.8872638	52.3547383	first-pass	
ristorante-papa-carlo-82585	Ristorante Papa Carlo	restaurant	4.9000207	52.371892	first-pass	
roberto-s-restaurant-78084	Roberto's Restaurant	restaurant	4.8715594	52.3514585	no-reference	
roopram-roti-55550	Roopram Roti	restaurant	4.9248386	52.3619315	first-pass	
rossi-sandwiches-31005	Rossi Sandwiches	restaurant	4.8955554	52.3452471	first-pass	
roum-cafe-61185	Roum Cafe	restaurant	4.8903028	52.3541052	first-pass	
royal-fook-long-42162	Royal Fook Long	restaurant	4.8100429	52.3453224	first-pass	
royal98-53823	Royal98	restaurant	4.8932024	52.3735434	first-pass	
royalvis-traiteur-18311	Royalvis & Traiteur	restaurant	4.9099446	52.3896002	first-pass	
rue-la-bastille-77670	Rue la Bastille	restaurant	4.8874638	52.3826224	null	
rufus-restaurant-57012	Rufus Restaurant	restaurant	4.8836858	52.3523175	first-pass	
sab-s-deli-36070	Sab's Deli	restaurant	4.8898804	52.3444767	first-pass	
sababa-58581	Sababa	restaurant	4.8883061	52.3544649	measured	Registration: building edge 1.1 m into crop; shift -1.1. The street front at the pin is Tabakshop Bell beside a covered passage; Sababa itself is not visible (likely inside the passage). Modelled what the street shows. User flagged.
saeed-s-curry-house-54207	Saeed's Curry House	restaurant	4.931968	52.3636413	first-pass	
sagardi-72053	Sagardi	restaurant	4.8886343	52.3693981	null	
sahan-92837	Sahan	restaurant	4.8001675	52.3584044	first-pass	
salento-latino-78584	Salento Latino	restaurant	4.8746776	52.3261016	first-pass	
salvatorica-74729	Salvatorica	restaurant	4.8788892	52.3768609	first-pass	
sama-sebo-65990	Sama Sebo	restaurant	4.8831414	52.3606764	first-pass	
samba-kitchen-59252	Samba Kitchen	restaurant	4.8895895	52.3527522	first-pass	
sapporo-ramen-sora-35936	Sapporo Ramen SORA	restaurant	4.8887136	52.3526329	null	
seafood-bistro-78815	Seafood Bistro	restaurant	4.8984293	52.3754657	first-pass	
seasons-restaurant-75049	Seasons Restaurant	restaurant	4.8890188	52.3771918	first-pass	
semai-52074	Semai	restaurant	4.9119863	52.393566	first-pass	
semhar-74838	Semhar	restaurant	4.8773404	52.3754261	first-pass	
senayan-73612	Senayan	restaurant	4.8840876	52.3723279	first-pass	
seth-takeout-76929	Seth takeout	restaurant	4.8882808	52.3691315	first-pass	
sham-87688	Sham	restaurant	4.9368846	52.3697596	first-pass	
sham-maza-80856	Sham Maza	restaurant	4.8548093	52.3706445	first-pass	
sherpa-39376	Sherpa	restaurant	4.8847519	52.3631367	first-pass	
shiki-79220	Shiki	restaurant	4.8938324	52.3741161	null	
silk-road-kebab-house-80959	Silk Road Kebab House	restaurant	4.9401627	52.36192	first-pass	
